surfer_name,event_ID,Score
Italo Ferreira,1,10000
Italo Ferreira,2,4745
Italo Ferreira,3,1330
Italo Ferreira,4,4745
Italo Ferreira,5,1330
Italo Ferreira,6,7800
Italo Ferreira,7,1330
Italo Ferreira,8,3320
Italo Ferreira,9,7800
Italo Ferreira,10,10000
Italo Ferreira,11,10000
Gabriel Medina,1,4745
Gabriel Medina,2,4745
Gabriel Medina,3,1330
Gabriel Medina,4,1330
Gabriel Medina,5,4745
Gabriel Medina,6,10000
Gabriel Medina,7,7800
Gabriel Medina,8,10000
Gabriel Medina,9,3320
Gabriel Medina,10,3320
Gabriel Medina,11,7800
Jordy Smith,1,6085
Jordy Smith,2,6085
Jordy Smith,3,1330
Jordy Smith,4,4745
Jordy Smith,5,7800
Jordy Smith,6,3320
Jordy Smith,7,6085
Jordy Smith,8,4745
Jordy Smith,9,3320
Jordy Smith,10,7800
Jordy Smith,11,1330
Filipe Toledo,1,3320
Filipe Toledo,2,7800
Filipe Toledo,3,4745
Filipe Toledo,4,1330
Filipe Toledo,5,10000
Filipe Toledo,6,6085
Filipe Toledo,7,3320
Filipe Toledo,8,7800
Filipe Toledo,9,1330
Filipe Toledo,10,4745
Filipe Toledo,11,1330
Kolohe Andino,1,7800
Kolohe Andino,2,1330
Kolohe Andino,3,4745
Kolohe Andino,4,7800
Kolohe Andino,5,6085
Kolohe Andino,6,6085
Kolohe Andino,7,1330
Kolohe Andino,8,1330
Kolohe Andino,9,4745
Kolohe Andino,10,4745
Kolohe Andino,11,3320
Kanoa Igarashi,1,3320
Kanoa Igarashi,2,3320
Kanoa Igarashi,3,10000
Kanoa Igarashi,4,3320
Kanoa Igarashi,5,4745
Kanoa Igarashi,6,4745
Kanoa Igarashi,7,1330
Kanoa Igarashi,8,3320
Kanoa Igarashi,9,1330
Kanoa Igarashi,10,6085
Kanoa Igarashi,11,1330
John John Florence,1,6085
John John Florence,2,10000
John John Florence,3,1330
John John Florence,4,10000
John John Florence,5,4745
John John Florence,6,265
John John Florence,7,265
John John Florence,8,265
John John Florence,9,265
John John Florence,10,265
John John Florence,11,4745
Kelly Slater,1,265
Kelly Slater,2,4745
Kelly Slater,3,6085
Kelly Slater,4,3320
Kelly Slater,5,3320
Kelly Slater,6,3320
Kelly Slater,7,1330
Kelly Slater,8,3320
Kelly Slater,9,1330
Kelly Slater,10,3320
Kelly Slater,11,6085
Owen Wright,1,3320
Owen Wright,2,3320
Owen Wright,3,1330
Owen Wright,4,3320
Owen Wright,5,1330
Owen Wright,6,4745
Owen Wright,7,10000
Owen Wright,8,6085
Owen Wright,9,1330
Owen Wright,10,1330
Owen Wright,11,1330
Jeremy Flores,1,1330
Jeremy Flores,2,3320
Jeremy Flores,3,7800
Jeremy Flores,4,1330
Jeremy Flores,5,265
Jeremy Flores,6,1330
Jeremy Flores,7,4745
Jeremy Flores,8,1330
Jeremy Flores,9,10000
Jeremy Flores,10,1330
Jeremy Flores,11,265
Julian Wilson,1,1330
Julian Wilson,2,1330
Julian Wilson,3,3320
Julian Wilson,4,6085
Julian Wilson,5,4745
Julian Wilson,6,1330
Julian Wilson,7,3320
Julian Wilson,8,4745
Julian Wilson,9,3320
Julian Wilson,10,1330
Julian Wilson,11,3320
Seth Moniz,1,4745
Seth Moniz,2,3320
Seth Moniz,3,1330
Seth Moniz,4,4745
Seth Moniz,5,1330
Seth Moniz,6,1330
Seth Moniz,7,6085
Seth Moniz,8,1330
Seth Moniz,9,3320
Seth Moniz,10,265
Seth Moniz,11,3320
Michel Bourez,1,3320
Michel Bourez,2,1330
Michel Bourez,3,3320
Michel Bourez,4,3320
Michel Bourez,5,3320
Michel Bourez,6,3320
Michel Bourez,7,3320
Michel Bourez,8,265
Michel Bourez,9,3320
Michel Bourez,10,1330
Michel Bourez,11,4745
Ryan Callinan,1,1330
Ryan Callinan,2,6085
Ryan Callinan,3,3320
Ryan Callinan,4,4745
Ryan Callinan,5,1330
Ryan Callinan,6,3320
Ryan Callinan,7,1330
Ryan Callinan,8,1330
Ryan Callinan,9,4745
Ryan Callinan,10,265
Ryan Callinan,11,1330
Jack Freestone,1,1330
Jack Freestone,2,1330
Jack Freestone,3,3320
Jack Freestone,4,1330
Jack Freestone,5,1330
Jack Freestone,6,1330
Jack Freestone,7,3320
Jack Freestone,8,1330
Jack Freestone,9,6085
Jack Freestone,10,4745
Jack Freestone,11,4745
Griffin Colapinto,1,1330
Griffin Colapinto,2,265
Griffin Colapinto,3,1330
Griffin Colapinto,4,1330
Griffin Colapinto,5,3320
Griffin Colapinto,6,1330
Griffin Colapinto,7,3320
Griffin Colapinto,8,6085
Griffin Colapinto,9,1330
Griffin Colapinto,10,3320
Griffin Colapinto,11,6085
Caio Ibelli,1,265
Caio Ibelli,2,1330
Caio Ibelli,3,1330
Caio Ibelli,4,6085
Caio Ibelli,5,1330
Caio Ibelli,6,1330
Caio Ibelli,7,4745
Caio Ibelli,8,1330
Caio Ibelli,9,1330
Caio Ibelli,10,6085
Caio Ibelli,11,3320
Wade Carmichael,1,4745
Wade Carmichael,2,1330
Wade Carmichael,3,4745
Wade Carmichael,4,265
Wade Carmichael,5,3320
Wade Carmichael,6,1330
Wade Carmichael,7,1330
Wade Carmichael,8,3320
Wade Carmichael,9,3320
Wade Carmichael,10,3320
Wade Carmichael,11,1330
Adrian Buchan,1,1330
Adrian Buchan,2,1330
Adrian Buchan,3,4745
Adrian Buchan,4,265
Adrian Buchan,5,265
Adrian Buchan,6,4745
Adrian Buchan,7,1330
Adrian Buchan,8,4745
Adrian Buchan,9,4745
Adrian Buchan,10,1330
Adrian Buchan,11,1330
Conner Coffin,1,4745
Conner Coffin,2,3320
Conner Coffin,3,3320
Conner Coffin,4,3320
Conner Coffin,5,1330
Conner Coffin,6,1330
Conner Coffin,7,1330
Conner Coffin,8,1330
Conner Coffin,9,1330
Conner Coffin,10,3320
Conner Coffin,11,1330
Peterson Crisanto,1,1330
Peterson Crisanto,2,3320
Peterson Crisanto,3,1330
Peterson Crisanto,4,3320
Peterson Crisanto,5,265
Peterson Crisanto,6,3320
Peterson Crisanto,7,1330
Peterson Crisanto,8,265
Peterson Crisanto,9,1330
Peterson Crisanto,10,4745
Peterson Crisanto,11,3320
Yago Dora,1,3320
Yago Dora,2,1330
Yago Dora,3,1330
Yago Dora,4,1330
Yago Dora,5,1330
Yago Dora,6,1330
Yago Dora,7,1330
Yago Dora,8,4745
Yago Dora,9,3320
Yago Dora,10,1330
Yago Dora,11,4745
Deivid Silva,1,1330
Deivid Silva,2,3320
Deivid Silva,3,1330
Deivid Silva,4,1330
Deivid Silva,5,3320
Deivid Silva,6,3320
Deivid Silva,7,3320
Deivid Silva,8,3320
Deivid Silva,9,265
Deivid Silva,10,1330
Deivid Silva,11,1330
Willian Cardoso,1,3320
Willian Cardoso,2,3320
Willian Cardoso,3,1330
Willian Cardoso,4,1330
Willian Cardoso,5,1330
Willian Cardoso,6,3320
Willian Cardoso,7,1330
Willian Cardoso,8,3320
Willian Cardoso,9,1330
Willian Cardoso,10,1330
Willian Cardoso,11,1330
Jesse Mendes,1,1330
Jesse Mendes,2,265
Jesse Mendes,3,3320
Jesse Mendes,4,1330
Jesse Mendes,5,3320
Jesse Mendes,6,265
Jesse Mendes,7,1330
Jesse Mendes,8,1330
Jesse Mendes,9,1330
Jesse Mendes,10,3320
Jesse Mendes,11,3320
Michael Rodrigues,1,1330
Michael Rodrigues,2,1330
Michael Rodrigues,3,6085
Michael Rodrigues,4,1330
Michael Rodrigues,5,3320
Michael Rodrigues,6,1330
Michael Rodrigues,7,265
Michael Rodrigues,8,265
Michael Rodrigues,9,1330
Michael Rodrigues,10,3320
Michael Rodrigues,11,265
Sebastian Zietz,1,1330
Sebastian Zietz,2,265
Sebastian Zietz,3,265
Sebastian Zietz,4,3320
Sebastian Zietz,5,1330
Sebastian Zietz,6,4745
Sebastian Zietz,7,1330
Sebastian Zietz,8,3320
Sebastian Zietz,9,265
Sebastian Zietz,10,1330
Sebastian Zietz,11,1330
Ezekiel Lau,1,1330
Ezekiel Lau,2,1330
Ezekiel Lau,3,265
Ezekiel Lau,4,1330
Ezekiel Lau,5,1330
Ezekiel Lau,6,3320
Ezekiel Lau,7,1330
Ezekiel Lau,8,3320
Ezekiel Lau,9,3320
Ezekiel Lau,10,265
Ezekiel Lau,11,1330
Joan Duru,1,1330
Joan Duru,2,265
Joan Duru,3,3320
Joan Duru,4,1330
Joan Duru,5,3320
Joan Duru,6,1330
Joan Duru,7,3320
Joan Duru,8,1330
Joan Duru,9,1330
Joan Duru,10,1330
Joan Duru,11,1330
Soli Bailey,1,1330
Soli Bailey,2,1330
Soli Bailey,3,265
Soli Bailey,4,1330
Soli Bailey,5,1330
Soli Bailey,6,1330
Soli Bailey,7,1330
Soli Bailey,8,1330
Soli Bailey,9,1330
Soli Bailey,10,3320
Soli Bailey,11,3320
Leonardo Fioravanti,1,265
Leonardo Fioravanti,2,1330
Leonardo Fioravanti,3,3320
Leonardo Fioravanti,4,1330
Leonardo Fioravanti,5,265
Leonardo Fioravanti,6,265
Leonardo Fioravanti,7,265
Leonardo Fioravanti,8,265
Leonardo Fioravanti,9,6085
Leonardo Fioravanti,10,1330
Leonardo Fioravanti,11,265
Jadson Andre,1,265
Jadson Andre,2,1330
Jadson Andre,3,1330
Jadson Andre,4,1330
Jadson Andre,5,1330
Jadson Andre,6,265
Jadson Andre,7,4745
Jadson Andre,8,1330
Jadson Andre,9,265
Jadson Andre,10,1330
Jadson Andre,11,1330
Ricardo Christie,1,1330
Ricardo Christie,2,1330
Ricardo Christie,3,1330
Ricardo Christie,4,1330
Ricardo Christie,5,1330
Ricardo Christie,6,1330
Ricardo Christie,7,1330
Ricardo Christie,8,1330
Ricardo Christie,9,265
Ricardo Christie,10,265
Ricardo Christie,11,3320
Frederico Morais,1,0
Frederico Morais,2,0
Frederico Morais,3,0
Frederico Morais,4,265
Frederico Morais,5,6085
Frederico Morais,6,1330
Frederico Morais,7,265
Frederico Morais,8,0
Frederico Morais,9,1330
Frederico Morais,10,1330
Frederico Morais,11,265
Adriano de Souza,1,265
Adriano de Souza,2,265
Adriano de Souza,3,265
Adriano de Souza,4,265
Adriano de Souza,5,1330
Adriano de Souza,6,1330
Adriano de Souza,7,4745
Adriano de Souza,8,265
Adriano de Souza,9,265
Adriano de Souza,10,265
Adriano de Souza,11,265
Mikey Wright,1,3320
Mikey Wright,2,1330
Mikey Wright,3,1330
Mikey Wright,4,265
Mikey Wright,5,265
Mikey Wright,6,265
Mikey Wright,7,265
Mikey Wright,8,265
Mikey Wright,9,265
Mikey Wright,10,265
Mikey Wright,11,265
Jacob Willcox,1,0
Jacob Willcox,2,4745
Jacob Willcox,3,265
Jacob Willcox,4,265
Jacob Willcox,5,0
Jacob Willcox,6,0
Jacob Willcox,7,0
Jacob Willcox,8,0
Jacob Willcox,9,0
Jacob Willcox,10,0
Jacob Willcox,11,0
Marc Lacomare,1,0
Marc Lacomare,2,0
Marc Lacomare,3,0
Marc Lacomare,4,0
Marc Lacomare,5,0
Marc Lacomare,6,0
Marc Lacomare,7,0
Marc Lacomare,8,0
Marc Lacomare,9,4745
Marc Lacomare,10,0
Marc Lacomare,11,0
Reef Heazlewood,1,3320
Reef Heazlewood,2,1330
Reef Heazlewood,3,0
Reef Heazlewood,4,0
Reef Heazlewood,5,0
Reef Heazlewood,6,0
Reef Heazlewood,7,0
Reef Heazlewood,8,0
Reef Heazlewood,9,0
Reef Heazlewood,10,0
Reef Heazlewood,11,0
Kauli Vaast,1,0
Kauli Vaast,2,0
Kauli Vaast,3,0
Kauli Vaast,4,0
Kauli Vaast,5,0
Kauli Vaast,6,0
Kauli Vaast,7,3320
Kauli Vaast,8,0
Kauli Vaast,9,0
Kauli Vaast,10,0
Kauli Vaast,11,0
Jack Robinson,1,0
Jack Robinson,2,0
Jack Robinson,3,0
Jack Robinson,4,3320
Jack Robinson,5,0
Jack Robinson,6,0
Jack Robinson,7,0
Jack Robinson,8,0
Jack Robinson,9,0
Jack Robinson,10,0
Jack Robinson,11,0
Crosby Colapinto,1,0
Crosby Colapinto,2,0
Crosby Colapinto,3,0
Crosby Colapinto,4,0
Crosby Colapinto,5,0
Crosby Colapinto,6,0
Crosby Colapinto,7,0
Crosby Colapinto,8,1330
Crosby Colapinto,9,0
Crosby Colapinto,10,1330
Crosby Colapinto,11,0
Mateus Herdy,1,1330
Mateus Herdy,2,0
Mateus Herdy,3,0
Mateus Herdy,4,0
Mateus Herdy,5,265
Mateus Herdy,6,0
Mateus Herdy,7,0
Mateus Herdy,8,265
Mateus Herdy,9,0
Mateus Herdy,10,0
Mateus Herdy,11,0
Jorgann Couzinet,1,0
Jorgann Couzinet,2,0
Jorgann Couzinet,3,0
Jorgann Couzinet,4,0
Jorgann Couzinet,5,0
Jorgann Couzinet,6,265
Jorgann Couzinet,7,0
Jorgann Couzinet,8,0
Jorgann Couzinet,9,1330
Jorgann Couzinet,10,0
Jorgann Couzinet,11,0
Michael February,1,0
Michael February,2,0
Michael February,3,0
Michael February,4,0
Michael February,5,0
Michael February,6,1330
Michael February,7,0
Michael February,8,0
Michael February,9,0
Michael February,10,0
Michael February,11,0
Vasco Ribeiro,1,0
Vasco Ribeiro,2,0
Vasco Ribeiro,3,0
Vasco Ribeiro,4,0
Vasco Ribeiro,5,0
Vasco Ribeiro,6,0
Vasco Ribeiro,7,0
Vasco Ribeiro,8,0
Vasco Ribeiro,9,0
Vasco Ribeiro,10,1330
Vasco Ribeiro,11,0
Miguel Blanco,1,0
Miguel Blanco,2,0
Miguel Blanco,3,0
Miguel Blanco,4,0
Miguel Blanco,5,0
Miguel Blanco,6,0
Miguel Blanco,7,0
Miguel Blanco,8,0
Miguel Blanco,9,0
Miguel Blanco,10,1330
Miguel Blanco,11,0
Krystian Kymerson,1,0
Krystian Kymerson,2,0
Krystian Kymerson,3,0
Krystian Kymerson,4,0
Krystian Kymerson,5,1330
Krystian Kymerson,6,0
Krystian Kymerson,7,0
Krystian Kymerson,8,0
Krystian Kymerson,9,0
Krystian Kymerson,10,0
Krystian Kymerson,11,0
Billy Kemper,1,0
Billy Kemper,2,0
Billy Kemper,3,0
Billy Kemper,4,0
Billy Kemper,5,0
Billy Kemper,6,0
Billy Kemper,7,0
Billy Kemper,8,0
Billy Kemper,9,0
Billy Kemper,10,0
Billy Kemper,11,1330
Jett Schilling,1,0
Jett Schilling,2,0
Jett Schilling,3,0
Jett Schilling,4,0
Jett Schilling,5,0
Jett Schilling,6,0
Jett Schilling,7,0
Jett Schilling,8,1330
Jett Schilling,9,0
Jett Schilling,10,0
Jett Schilling,11,0
Gabriel Medina,12,1665
Gabriel Medina,13,6085
Gabriel Medina,14,4745
Gabriel Medina,15,3700
Gabriel Medina,16,4745
Gabriel Medina,17,4745
Gabriel Medina,18,10000
Gabriel Medina,19,10000
Gabriel Medina,20,6085
Gabriel Medina,21,6085
Gabriel Medina,22,10000
Julian Wilson,12,10000
Julian Wilson,13,1665
Julian Wilson,14,6085
Julian Wilson,15,1665
Julian Wilson,16,7800
Julian Wilson,17,4745
Julian Wilson,18,420
Julian Wilson,19,4745
Julian Wilson,20,10000
Julian Wilson,21,4745
Julian Wilson,22,7800
Filipe Toledo,12,4745
Filipe Toledo,13,1665
Filipe Toledo,14,10000
Filipe Toledo,15,4745
Filipe Toledo,16,4745
Filipe Toledo,17,10000
Filipe Toledo,18,6085
Filipe Toledo,19,7800
Filipe Toledo,20,1665
Filipe Toledo,21,1665
Filipe Toledo,22,1665
Italo Ferreira,12,1665
Italo Ferreira,13,10000
Italo Ferreira,14,1665
Italo Ferreira,15,10000
Italo Ferreira,16,1665
Italo Ferreira,17,420
Italo Ferreira,18,4745
Italo Ferreira,19,1665
Italo Ferreira,20,1665
Italo Ferreira,21,10000
Italo Ferreira,22,1665
Jordy Smith,12,1665
Jordy Smith,13,1665
Jordy Smith,14,1665
Jordy Smith,15,6085
Jordy Smith,16,4745
Jordy Smith,17,6085
Jordy Smith,18,1665
Jordy Smith,19,3700
Jordy Smith,20,4745
Jordy Smith,21,1665
Jordy Smith,22,6085
Owen Wright,12,4745
Owen Wright,13,4745
Owen Wright,14,420
Owen Wright,15,1665
Owen Wright,16,3700
Owen Wright,17,1665
Owen Wright,18,7800
Owen Wright,19,4745
Owen Wright,20,420
Owen Wright,21,6085
Owen Wright,22,420
Conner Coffin,12,1665
Conner Coffin,13,3700
Conner Coffin,14,420
Conner Coffin,15,1665
Conner Coffin,16,4745
Conner Coffin,17,4745
Conner Coffin,18,420
Conner Coffin,19,3700
Conner Coffin,20,6085
Conner Coffin,21,1665
Conner Coffin,22,4745
Michel Bourez,12,4745
Michel Bourez,13,4745
Michel Bourez,14,420
Michel Bourez,15,7800
Michel Bourez,16,1665
Michel Bourez,17,1665
Michel Bourez,18,1665
Michel Bourez,19,1665
Michel Bourez,20,420
Michel Bourez,21,4745
Michel Bourez,22,3700
Wade Carmichael,12,1665
Wade Carmichael,13,3700
Wade Carmichael,14,7800
Wade Carmichael,15,420
Wade Carmichael,16,420
Wade Carmichael,17,7800
Wade Carmichael,18,4745
Wade Carmichael,19,420
Wade Carmichael,20,420
Wade Carmichael,21,3700
Wade Carmichael,22,1665
Kanoa Igarashi,12,3700
Kanoa Igarashi,13,420
Kanoa Igarashi,14,3700
Kanoa Igarashi,15,420
Kanoa Igarashi,16,420
Kanoa Igarashi,17,6085
Kanoa Igarashi,18,3700
Kanoa Igarashi,19,6085
Kanoa Igarashi,20,420
Kanoa Igarashi,21,4745
Kanoa Igarashi,22,1665
Kolohe Andino,12,1665
Kolohe Andino,13,1665
Kolohe Andino,14,4745
Kolohe Andino,15,420
Kolohe Andino,16,6085
Kolohe Andino,17,1665
Kolohe Andino,18,4745
Kolohe Andino,19,3700
Kolohe Andino,20,1665
Kolohe Andino,21,1665
Kolohe Andino,22,420
Mikey Wright,12,3700
Mikey Wright,13,0
Mikey Wright,14,1665
Mikey Wright,15,6085
Mikey Wright,16,6085
Mikey Wright,17,1665
Mikey Wright,18,1665
Mikey Wright,19,1665
Mikey Wright,20,4745
Mikey Wright,21,0
Mikey Wright,22,0
Willian Cardoso,12,1665
Willian Cardoso,13,1665
Willian Cardoso,14,1665
Willian Cardoso,15,4745
Willian Cardoso,16,10000
Willian Cardoso,17,1665
Willian Cardoso,18,420
Willian Cardoso,19,420
Willian Cardoso,20,3700
Willian Cardoso,21,1665
Willian Cardoso,22,420
Sebastian Zietz,12,420
Sebastian Zietz,13,1665
Sebastian Zietz,14,3700
Sebastian Zietz,15,420
Sebastian Zietz,16,1665
Sebastian Zietz,17,4745
Sebastian Zietz,18,420
Sebastian Zietz,19,4745
Sebastian Zietz,20,4745
Sebastian Zietz,21,420
Sebastian Zietz,22,4745
Michael Rodrigues,12,4745
Michael Rodrigues,13,420
Michael Rodrigues,14,4745
Michael Rodrigues,15,1665
Michael Rodrigues,16,3700
Michael Rodrigues,17,1665
Michael Rodrigues,18,1665
Michael Rodrigues,19,1665
Michael Rodrigues,20,3700
Michael Rodrigues,21,1665
Michael Rodrigues,22,1665
Jeremy Flores,12,1665
Jeremy Flores,13,3700
Jeremy Flores,14,1665
Jeremy Flores,15,4745
Jeremy Flores,16,420
Jeremy Flores,17,1665
Jeremy Flores,18,6085
Jeremy Flores,19,1665
Jeremy Flores,20,420
Jeremy Flores,21,1665
Jeremy Flores,22,1665
Adrian Buchan,12,7800
Adrian Buchan,13,1665
Adrian Buchan,14,1665
Adrian Buchan,15,3700
Adrian Buchan,16,420
Adrian Buchan,17,1665
Adrian Buchan,18,1665
Adrian Buchan,19,420
Adrian Buchan,20,1665
Adrian Buchan,21,3700
Adrian Buchan,22,420
Griffin Colapinto,12,6085
Griffin Colapinto,13,1665
Griffin Colapinto,14,1665
Griffin Colapinto,15,4745
Griffin Colapinto,16,420
Griffin Colapinto,17,3700
Griffin Colapinto,18,420
Griffin Colapinto,19,1665
Griffin Colapinto,20,1665
Griffin Colapinto,21,420
Griffin Colapinto,22,1665
Adriano de Souza,12,3700
Adriano de Souza,13,1665
Adriano de Souza,14,420
Adriano de Souza,15,3700
Adriano de Souza,16,1665
Adriano de Souza,17,3700
Adriano de Souza,18,1665
Adriano de Souza,19,1665
Adriano de Souza,20,4745
Adriano de Souza,21,420
Adriano de Souza,22,420
Ezekiel Lau,12,420
Ezekiel Lau,13,4745
Ezekiel Lau,14,6085
Ezekiel Lau,15,1665
Ezekiel Lau,16,420
Ezekiel Lau,17,420
Ezekiel Lau,18,3700
Ezekiel Lau,19,420
Ezekiel Lau,20,1665
Ezekiel Lau,21,3700
Ezekiel Lau,22,420
Yago Dora,12,420
Yago Dora,13,420
Yago Dora,14,4745
Yago Dora,15,420
Yago Dora,16,1665
Yago Dora,17,1665
Yago Dora,18,3700
Yago Dora,19,3700
Yago Dora,20,1665
Yago Dora,21,420
Yago Dora,22,4745
Joan Duru,12,420
Joan Duru,13,420
Joan Duru,14,420
Joan Duru,15,420
Joan Duru,16,3700
Joan Duru,17,420
Joan Duru,18,420
Joan Duru,19,1665
Joan Duru,20,1665
Joan Duru,21,7800
Joan Duru,22,4745
Frederico Morais,12,1665
Frederico Morais,13,4745
Frederico Morais,14,1665
Frederico Morais,15,1665
Frederico Morais,16,420
Frederico Morais,17,3700
Frederico Morais,18,1665
Frederico Morais,19,420
Frederico Morais,20,420
Frederico Morais,21,3700
Frederico Morais,22,420
Joel Parkinson,12,1665
Joel Parkinson,13,1665
Joel Parkinson,14,0
Joel Parkinson,15,1665
Joel Parkinson,16,1665
Joel Parkinson,17,3700
Joel Parkinson,18,1665
Joel Parkinson,19,420
Joel Parkinson,20,1665
Joel Parkinson,21,420
Joel Parkinson,22,3700
Matt Wilkinson,12,420
Matt Wilkinson,13,3700
Matt Wilkinson,14,420
Matt Wilkinson,15,1665
Matt Wilkinson,16,420
Matt Wilkinson,17,420
Matt Wilkinson,18,420
Matt Wilkinson,19,420
Matt Wilkinson,20,3700
Matt Wilkinson,21,4745
Matt Wilkinson,22,1665
Connor O'Leary,12,1665
Connor O'Leary,13,420
Connor O'Leary,14,420
Connor O'Leary,15,420
Connor O'Leary,16,3700
Connor O'Leary,17,1665
Connor O'Leary,18,3700
Connor O'Leary,19,1665
Connor O'Leary,20,1665
Connor O'Leary,21,420
Connor O'Leary,22,1665
Tomas Hermes,12,6085
Tomas Hermes,13,420
Tomas Hermes,14,1665
Tomas Hermes,15,1665
Tomas Hermes,16,420
Tomas Hermes,17,1665
Tomas Hermes,18,420
Tomas Hermes,19,1665
Tomas Hermes,20,420
Tomas Hermes,21,1665
Tomas Hermes,22,420
Jesse Mendes,12,420
Jesse Mendes,13,1665
Jesse Mendes,14,420
Jesse Mendes,15,3700
Jesse Mendes,16,1665
Jesse Mendes,17,420
Jesse Mendes,18,1665
Jesse Mendes,19,420
Jesse Mendes,20,420
Jesse Mendes,21,1665
Jesse Mendes,22,3700
Patrick Gudauskas,12,420
Patrick Gudauskas,13,6085
Patrick Gudauskas,14,420
Patrick Gudauskas,15,420
Patrick Gudauskas,16,420
Patrick Gudauskas,17,420
Patrick Gudauskas,18,420
Patrick Gudauskas,19,1665
Patrick Gudauskas,20,3700
Patrick Gudauskas,21,1665
Patrick Gudauskas,22,420
Kelly Slater,12,420
Kelly Slater,13,420
Kelly Slater,14,420
Kelly Slater,15,420
Kelly Slater,16,420
Kelly Slater,17,420
Kelly Slater,18,420
Kelly Slater,19,6085
Kelly Slater,20,420
Kelly Slater,21,420
Kelly Slater,22,6085
Ryan Callinan,12,0
Ryan Callinan,13,0
Ryan Callinan,14,0
Ryan Callinan,15,0
Ryan Callinan,16,0
Ryan Callinan,17,0
Ryan Callinan,18,0
Ryan Callinan,19,0
Ryan Callinan,20,7800
Ryan Callinan,21,1665
Ryan Callinan,22,3700
Michael February,12,1665
Michael February,13,420
Michael February,14,420
Michael February,15,1665
Michael February,16,1665
Michael February,17,420
Michael February,18,4745
Michael February,19,420
Michael February,20,420
Michael February,21,420
Michael February,22,1665
Ian Gouveia,12,420
Ian Gouveia,13,420
Ian Gouveia,14,3700
Ian Gouveia,15,420
Ian Gouveia,16,420
Ian Gouveia,17,420
Ian Gouveia,18,1665
Ian Gouveia,19,1665
Ian Gouveia,20,1665
Ian Gouveia,21,1665
Ian Gouveia,22,420
Mick Fanning,12,3700
Mick Fanning,13,7800
Mick Fanning,14,0
Mick Fanning,15,0
Mick Fanning,16,0
Mick Fanning,17,0
Mick Fanning,18,0
Mick Fanning,19,0
Mick Fanning,20,0
Mick Fanning,21,0
Mick Fanning,22,0
John John Florence,12,420
John John Florence,13,1665
John John Florence,14,3700
John John Florence,15,1665
John John Florence,16,1665
John John Florence,17,420
John John Florence,18,420
John John Florence,19,420
John John Florence,20,420
John John Florence,21,420
John John Florence,22,420
Miguel Pupo,12,0
Miguel Pupo,13,0
Miguel Pupo,14,1665
Miguel Pupo,15,420
Miguel Pupo,16,420
Miguel Pupo,17,420
Miguel Pupo,18,420
Miguel Pupo,19,4745
Miguel Pupo,20,420
Miguel Pupo,21,420
Miguel Pupo,22,1665
Keanu Asing,12,420
Keanu Asing,13,420
Keanu Asing,14,1665
Keanu Asing,15,1665
Keanu Asing,16,1665
Keanu Asing,17,420
Keanu Asing,18,420
Keanu Asing,19,420
Keanu Asing,20,420
Keanu Asing,21,420
Keanu Asing,22,420
Wiggolly Dantas,12,0
Wiggolly Dantas,13,0
Wiggolly Dantas,14,420
Wiggolly Dantas,15,0
Wiggolly Dantas,16,0
Wiggolly Dantas,17,1665
Wiggolly Dantas,18,1665
Wiggolly Dantas,19,420
Wiggolly Dantas,20,1665
Wiggolly Dantas,21,420
Wiggolly Dantas,22,0
Caio Ibelli,12,420
Caio Ibelli,13,420
Caio Ibelli,14,420
Caio Ibelli,15,420
Caio Ibelli,16,420
Caio Ibelli,17,420
Caio Ibelli,18,420
Caio Ibelli,19,420
Caio Ibelli,20,420
Caio Ibelli,21,420
Caio Ibelli,22,420
Jack Robinson,12,0
Jack Robinson,13,0
Jack Robinson,14,0
Jack Robinson,15,0
Jack Robinson,16,1665
Jack Robinson,17,0
Jack Robinson,18,0
Jack Robinson,19,0
Jack Robinson,20,0
Jack Robinson,21,0
Jack Robinson,22,0
Kael Walsh,12,0
Kael Walsh,13,0
Kael Walsh,14,0
Kael Walsh,15,0
Kael Walsh,16,1665
Kael Walsh,17,0
Kael Walsh,18,0
Kael Walsh,19,0
Kael Walsh,20,0
Kael Walsh,21,0
Kael Walsh,22,0
Tikanui Smith,12,0
Tikanui Smith,13,0
Tikanui Smith,14,0
Tikanui Smith,15,0
Tikanui Smith,16,0
Tikanui Smith,17,0
Tikanui Smith,18,1665
Tikanui Smith,19,0
Tikanui Smith,20,0
Tikanui Smith,21,0
Tikanui Smith,22,0
Seth Moniz,12,0
Seth Moniz,13,0
Seth Moniz,14,0
Seth Moniz,15,0
Seth Moniz,16,0
Seth Moniz,17,0
Seth Moniz,18,0
Seth Moniz,19,0
Seth Moniz,20,0
Seth Moniz,21,0
Seth Moniz,22,1665
Alejo Muniz,12,0
Alejo Muniz,13,0
Alejo Muniz,14,1665
Alejo Muniz,15,0
Alejo Muniz,16,0
Alejo Muniz,17,0
Alejo Muniz,18,0
Alejo Muniz,19,0
Alejo Muniz,20,0
Alejo Muniz,21,0
Alejo Muniz,22,0
David Delroy0Carr,12,0
David Delroy0Carr,13,0
David Delroy0Carr,14,0
David Delroy0Carr,15,0
David Delroy0Carr,16,420
David Delroy0Carr,17,0
David Delroy0Carr,18,0
David Delroy0Carr,19,0
David Delroy0Carr,20,0
David Delroy0Carr,21,0
David Delroy0Carr,22,0
Oney Anwar,12,0
Oney Anwar,13,0
Oney Anwar,14,0
Oney Anwar,15,420
Oney Anwar,16,0
Oney Anwar,17,0
Oney Anwar,18,0
Oney Anwar,19,0
Oney Anwar,20,0
Oney Anwar,21,0
Oney Anwar,22,0
Vasco Ribeiro,12,0
Vasco Ribeiro,13,0
Vasco Ribeiro,14,0
Vasco Ribeiro,15,0
Vasco Ribeiro,16,0
Vasco Ribeiro,17,0
Vasco Ribeiro,18,0
Vasco Ribeiro,19,0
Vasco Ribeiro,20,0
Vasco Ribeiro,21,420
Vasco Ribeiro,22,0
Jorgann Couzinet,12,0
Jorgann Couzinet,13,0
Jorgann Couzinet,14,0
Jorgann Couzinet,15,0
Jorgann Couzinet,16,0
Jorgann Couzinet,17,0
Jorgann Couzinet,18,0
Jorgann Couzinet,19,0
Jorgann Couzinet,20,420
Jorgann Couzinet,21,0
Jorgann Couzinet,22,0
Miguel Blanco,12,0
Miguel Blanco,13,0
Miguel Blanco,14,0
Miguel Blanco,15,0
Miguel Blanco,16,0
Miguel Blanco,17,0
Miguel Blanco,18,0
Miguel Blanco,19,0
Miguel Blanco,20,0
Miguel Blanco,21,420
Miguel Blanco,22,0
Leonardo Fioravanti,12,420
Leonardo Fioravanti,13,0
Leonardo Fioravanti,14,0
Leonardo Fioravanti,15,0
Leonardo Fioravanti,16,0
Leonardo Fioravanti,17,0
Leonardo Fioravanti,18,0
Leonardo Fioravanti,19,0
Leonardo Fioravanti,20,0
Leonardo Fioravanti,21,0
Leonardo Fioravanti,22,0
John John Florence,23,6500
John John Florence,24,10000
John John Florence,25,6500
John John Florence,26,1750
John John Florence,27,1750
John John Florence,28,5200
John John Florence,29,5200
John John Florence,30,6500
John John Florence,31,6500
John John Florence,32,5200
John John Florence,33,8000
Gabriel Medina,23,6500
Gabriel Medina,24,500
Gabriel Medina,25,1750
Gabriel Medina,26,4000
Gabriel Medina,27,1750
Gabriel Medina,28,6500
Gabriel Medina,29,8000
Gabriel Medina,30,1750
Gabriel Medina,31,10000
Gabriel Medina,32,10000
Gabriel Medina,33,5200
Julian Wilson,23,1750
Julian Wilson,24,4000
Julian Wilson,25,1750
Julian Wilson,26,4000
Julian Wilson,27,5200
Julian Wilson,28,6500
Julian Wilson,29,10000
Julian Wilson,30,4000
Julian Wilson,31,500
Julian Wilson,32,8000
Julian Wilson,33,5200
Jordy Smith,23,4000
Jordy Smith,24,5200
Jordy Smith,25,10000
Jordy Smith,26,5200
Jordy Smith,27,1750
Jordy Smith,28,5200
Jordy Smith,29,6500
Jordy Smith,30,8000
Jordy Smith,31,1750
Jordy Smith,32,1750
Jordy Smith,33,1750
Matt Wilkinson,23,8000
Matt Wilkinson,24,500
Matt Wilkinson,25,1750
Matt Wilkinson,26,6500
Matt Wilkinson,27,10000
Matt Wilkinson,28,5200
Matt Wilkinson,29,4000
Matt Wilkinson,30,500
Matt Wilkinson,31,1750
Matt Wilkinson,32,1750
Matt Wilkinson,33,1750
Owen Wright,23,10000
Owen Wright,24,5200
Owen Wright,25,4000
Owen Wright,26,5200
Owen Wright,27,1750
Owen Wright,28,4000
Owen Wright,29,5200
Owen Wright,30,500
Owen Wright,31,4000
Owen Wright,32,500
Owen Wright,33,500
Kolohe Andino,23,4000
Kolohe Andino,24,8000
Kolohe Andino,25,1750
Kolohe Andino,26,500
Kolohe Andino,27,1750
Kolohe Andino,28,500
Kolohe Andino,29,6500
Kolohe Andino,30,500
Kolohe Andino,31,6500
Kolohe Andino,32,6500
Kolohe Andino,33,1750
Adriano de Souza,23,4000
Adriano de Souza,24,5200
Adriano de Souza,25,5200
Adriano de Souza,26,10000
Adriano de Souza,27,1750
Adriano de Souza,28,1750
Adriano de Souza,29,1750
Adriano de Souza,30,5200
Adriano de Souza,31,1750
Adriano de Souza,32,1750
Adriano de Souza,33,1750
Joel Parkinson,23,5200
Joel Parkinson,24,1750
Joel Parkinson,25,4000
Joel Parkinson,26,5200
Joel Parkinson,27,6500
Joel Parkinson,28,1750
Joel Parkinson,29,1750
Joel Parkinson,30,500
Joel Parkinson,31,5200
Joel Parkinson,32,1750
Joel Parkinson,33,5200
Filipe Toledo,23,500
Filipe Toledo,24,6500
Filipe Toledo,25,5200
Filipe Toledo,26,1750
Filipe Toledo,27,0
Filipe Toledo,28,10000
Filipe Toledo,29,500
Filipe Toledo,30,10000
Filipe Toledo,31,500
Filipe Toledo,32,500
Filipe Toledo,33,500
Sebastian Zietz,23,1750
Sebastian Zietz,24,4000
Sebastian Zietz,25,4000
Sebastian Zietz,26,1750
Sebastian Zietz,27,4000
Sebastian Zietz,28,500
Sebastian Zietz,29,1750
Sebastian Zietz,30,4000
Sebastian Zietz,31,8000
Sebastian Zietz,32,5200
Sebastian Zietz,33,500
Mick Fanning,23,1750
Mick Fanning,24,500
Mick Fanning,25,5200
Mick Fanning,26,5200
Mick Fanning,27,1750
Mick Fanning,28,5200
Mick Fanning,29,1750
Mick Fanning,30,1750
Mick Fanning,31,5200
Mick Fanning,32,5200
Mick Fanning,33,1750
Connor O'Leary,23,5200
Connor O'Leary,24,1750
Connor O'Leary,25,1750
Connor O'Leary,26,1750
Connor O'Leary,27,8000
Connor O'Leary,28,1750
Connor O'Leary,29,4000
Connor O'Leary,30,500
Connor O'Leary,31,500
Connor O'Leary,32,4000
Connor O'Leary,33,1750
Frederico Morais,23,1750
Frederico Morais,24,500
Frederico Morais,25,5200
Frederico Morais,26,1750
Frederico Morais,27,1750
Frederico Morais,28,8000
Frederico Morais,29,500
Frederico Morais,30,5200
Frederico Morais,31,1750
Frederico Morais,32,4000
Frederico Morais,33,500
Jeremy Flores,23,1750
Jeremy Flores,24,4000
Jeremy Flores,25,1750
Jeremy Flores,26,1750
Jeremy Flores,27,1750
Jeremy Flores,28,1750
Jeremy Flores,29,1750
Jeremy Flores,30,5200
Jeremy Flores,31,1750
Jeremy Flores,32,500
Jeremy Flores,33,10000
Adrian Buchan,23,500
Adrian Buchan,24,1750
Adrian Buchan,25,1750
Adrian Buchan,26,8000
Adrian Buchan,27,500
Adrian Buchan,28,500
Adrian Buchan,29,4000
Adrian Buchan,30,6500
Adrian Buchan,31,1750
Adrian Buchan,32,1750
Adrian Buchan,33,1750
Kanoa Igarashi,23,500
Kanoa Igarashi,24,1750
Kanoa Igarashi,25,500
Kanoa Igarashi,26,4000
Kanoa Igarashi,27,500
Kanoa Igarashi,28,500
Kanoa Igarashi,29,1750
Kanoa Igarashi,30,5200
Kanoa Igarashi,31,500
Kanoa Igarashi,32,6500
Kanoa Igarashi,33,6500
Caio Ibelli,23,1750
Caio Ibelli,24,1750
Caio Ibelli,25,8000
Caio Ibelli,26,1750
Caio Ibelli,27,500
Caio Ibelli,28,1750
Caio Ibelli,29,500
Caio Ibelli,30,500
Caio Ibelli,31,4000
Caio Ibelli,32,1750
Caio Ibelli,33,4000
Michel Bourez,23,500
Michel Bourez,24,5200
Michel Bourez,25,1750
Michel Bourez,26,500
Michel Bourez,27,6500
Michel Bourez,28,4000
Michel Bourez,29,1750
Michel Bourez,30,500
Michel Bourez,31,1750
Michel Bourez,32,1750
Michel Bourez,33,1750
Conner Coffin,23,4000
Conner Coffin,24,4000
Conner Coffin,25,500
Conner Coffin,26,500
Conner Coffin,27,500
Conner Coffin,28,4000
Conner Coffin,29,4000
Conner Coffin,30,1750
Conner Coffin,31,500
Conner Coffin,32,1750
Conner Coffin,33,4000
Joan Duru,23,500
Joan Duru,24,500
Joan Duru,25,1750
Joan Duru,26,500
Joan Duru,27,5200
Joan Duru,28,4000
Joan Duru,29,5200
Joan Duru,30,1750
Joan Duru,31,4000
Joan Duru,32,500
Joan Duru,33,500
Italo Ferreira,23,5200
Italo Ferreira,24,500
Italo Ferreira,25,500
Italo Ferreira,26,500
Italo Ferreira,27,4000
Italo Ferreira,28,1750
Italo Ferreira,29,1750
Italo Ferreira,30,1750
Italo Ferreira,31,500
Italo Ferreira,32,1750
Italo Ferreira,33,5200
Ian Gouveia,23,1750
Ian Gouveia,24,1750
Ian Gouveia,25,500
Ian Gouveia,26,1750
Ian Gouveia,27,4000
Ian Gouveia,28,500
Ian Gouveia,29,1750
Ian Gouveia,30,500
Ian Gouveia,31,1750
Ian Gouveia,32,500
Ian Gouveia,33,6500
Bede Durbidge,23,500
Bede Durbidge,24,1750
Bede Durbidge,25,1750
Bede Durbidge,26,1750
Bede Durbidge,27,5200
Bede Durbidge,28,1750
Bede Durbidge,29,1750
Bede Durbidge,30,4000
Bede Durbidge,31,1750
Bede Durbidge,32,500
Bede Durbidge,33,500
Miguel Pupo,23,1750
Miguel Pupo,24,1750
Miguel Pupo,25,500
Miguel Pupo,26,500
Miguel Pupo,27,1750
Miguel Pupo,28,500
Miguel Pupo,29,500
Miguel Pupo,30,1750
Miguel Pupo,31,5200
Miguel Pupo,32,5200
Miguel Pupo,33,1750
Wiggolly Dantas,23,500
Wiggolly Dantas,24,500
Wiggolly Dantas,25,4000
Wiggolly Dantas,26,4000
Wiggolly Dantas,27,1750
Wiggolly Dantas,28,500
Wiggolly Dantas,29,5200
Wiggolly Dantas,30,1750
Wiggolly Dantas,31,500
Wiggolly Dantas,32,500
Wiggolly Dantas,33,500
Leonardo Fioravanti,23,500
Leonardo Fioravanti,24,500
Leonardo Fioravanti,25,500
Leonardo Fioravanti,26,500
Leonardo Fioravanti,27,5200
Leonardo Fioravanti,28,1750
Leonardo Fioravanti,29,500
Leonardo Fioravanti,30,500
Leonardo Fioravanti,31,1750
Leonardo Fioravanti,32,4000
Leonardo Fioravanti,33,4000
Kelly Slater,23,5200
Kelly Slater,24,1750
Kelly Slater,25,1750
Kelly Slater,26,500
Kelly Slater,27,1750
Kelly Slater,28,1750
Kelly Slater,29,500
Kelly Slater,30,500
Kelly Slater,31,500
Kelly Slater,32,500
Kelly Slater,33,4000
Ezekiel Lau,23,1750
Ezekiel Lau,24,500
Ezekiel Lau,25,6500
Ezekiel Lau,26,500
Ezekiel Lau,27,500
Ezekiel Lau,28,1750
Ezekiel Lau,29,500
Ezekiel Lau,30,1750
Ezekiel Lau,31,500
Ezekiel Lau,32,500
Ezekiel Lau,33,1750
Jack Freestone,23,500
Jack Freestone,24,6500
Jack Freestone,25,500
Jack Freestone,26,500
Jack Freestone,27,500
Jack Freestone,28,1750
Jack Freestone,29,500
Jack Freestone,30,500
Jack Freestone,31,500
Jack Freestone,32,1750
Jack Freestone,33,500
Nat Young,23,500
Nat Young,24,1750
Nat Young,25,1750
Nat Young,26,1750
Nat Young,27,500
Nat Young,28,0
Nat Young,29,1750
Nat Young,30,500
Nat Young,31,4000
Nat Young,32,500
Nat Young,33,0
Josh Kerr,23,500
Josh Kerr,24,500
Josh Kerr,25,500
Josh Kerr,26,1750
Josh Kerr,27,500
Josh Kerr,28,500
Josh Kerr,29,500
Josh Kerr,30,1750
Josh Kerr,31,500
Josh Kerr,32,4000
Josh Kerr,33,1750
Jadson Andre,23,1750
Jadson Andre,24,500
Jadson Andre,25,500
Jadson Andre,26,1750
Jadson Andre,27,500
Jadson Andre,28,1750
Jadson Andre,29,500
Jadson Andre,30,4000
Jadson Andre,31,500
Jadson Andre,32,500
Jadson Andre,33,500
Ethan Ewing,23,500
Ethan Ewing,24,500
Ethan Ewing,25,500
Ethan Ewing,26,500
Ethan Ewing,27,500
Ethan Ewing,28,500
Ethan Ewing,29,1750
Ethan Ewing,30,1750
Ethan Ewing,31,1750
Ethan Ewing,32,1750
Ethan Ewing,33,1750
Stuart Kennedy,23,1750
Stuart Kennedy,24,500
Stuart Kennedy,25,500
Stuart Kennedy,26,500
Stuart Kennedy,27,4000
Stuart Kennedy,28,500
Stuart Kennedy,29,500
Stuart Kennedy,30,500
Stuart Kennedy,31,1750
Stuart Kennedy,32,500
Stuart Kennedy,33,500
Yago Dora,23,0
Yago Dora,24,0
Yago Dora,25,0
Yago Dora,26,6500
Yago Dora,27,500
Yago Dora,28,0
Yago Dora,29,0
Yago Dora,30,0
Yago Dora,31,0
Yago Dora,32,0
Yago Dora,33,0
Marc Lacomare,23,0
Marc Lacomare,24,0
Marc Lacomare,25,0
Marc Lacomare,26,0
Marc Lacomare,27,0
Marc Lacomare,28,0
Marc Lacomare,29,0
Marc Lacomare,30,0
Marc Lacomare,31,5200
Marc Lacomare,32,0
Marc Lacomare,33,0
Jesse Mendes,23,0
Jesse Mendes,24,1750
Jesse Mendes,25,0
Jesse Mendes,26,500
Jesse Mendes,27,0
Jesse Mendes,28,0
Jesse Mendes,29,0
Jesse Mendes,30,0
Jesse Mendes,31,0
Jesse Mendes,32,0
Jesse Mendes,33,0
Mikey Wright,23,1750
Mikey Wright,24,0
Mikey Wright,25,0
Mikey Wright,26,0
Mikey Wright,27,0
Mikey Wright,28,0
Mikey Wright,29,0
Mikey Wright,30,0
Mikey Wright,31,0
Mikey Wright,32,0
Mikey Wright,33,0
Vasco Ribeiro,23,0
Vasco Ribeiro,24,0
Vasco Ribeiro,25,0
Vasco Ribeiro,26,0
Vasco Ribeiro,27,0
Vasco Ribeiro,28,0
Vasco Ribeiro,29,0
Vasco Ribeiro,30,0
Vasco Ribeiro,31,0
Vasco Ribeiro,32,1750
Vasco Ribeiro,33,0
Hiroto Ohhara,23,0
Hiroto Ohhara,24,0
Hiroto Ohhara,25,0
Hiroto Ohhara,26,0
Hiroto Ohhara,27,0
Hiroto Ohhara,28,0
Hiroto Ohhara,29,0
Hiroto Ohhara,30,1750
Hiroto Ohhara,31,0
Hiroto Ohhara,32,0
Hiroto Ohhara,33,0
Jacob Willcox,23,0
Jacob Willcox,24,1750
Jacob Willcox,25,0
Jacob Willcox,26,0
Jacob Willcox,27,0
Jacob Willcox,28,0
Jacob Willcox,29,0
Jacob Willcox,30,0
Jacob Willcox,31,0
Jacob Willcox,32,0
Jacob Willcox,33,0
Evan Geiselman,23,0
Evan Geiselman,24,0
Evan Geiselman,25,0
Evan Geiselman,26,0
Evan Geiselman,27,0
Evan Geiselman,28,0
Evan Geiselman,29,0
Evan Geiselman,30,1750
Evan Geiselman,31,0
Evan Geiselman,32,0
Evan Geiselman,33,0
Bino Lopes,23,0
Bino Lopes,24,0
Bino Lopes,25,0
Bino Lopes,26,500
Bino Lopes,27,500
Bino Lopes,28,0
Bino Lopes,29,0
Bino Lopes,30,0
Bino Lopes,31,0
Bino Lopes,32,0
Bino Lopes,33,0
Keanu Asing,23,0
Keanu Asing,24,0
Keanu Asing,25,0
Keanu Asing,26,0
Keanu Asing,27,0
Keanu Asing,28,0
Keanu Asing,29,0
Keanu Asing,30,0
Keanu Asing,31,500
Keanu Asing,32,0
Keanu Asing,33,0
Aritz Aranburu,23,0
Aritz Aranburu,24,0
Aritz Aranburu,25,0
Aritz Aranburu,26,0
Aritz Aranburu,27,0
Aritz Aranburu,28,0
Aritz Aranburu,29,500
Aritz Aranburu,30,0
Aritz Aranburu,31,0
Aritz Aranburu,32,0
Aritz Aranburu,33,0
Michael February,23,0
Michael February,24,0
Michael February,25,0
Michael February,26,0
Michael February,27,0
Michael February,28,500
Michael February,29,0
Michael February,30,0
Michael February,31,0
Michael February,32,0
Michael February,33,0
Dusty Payne,23,0
Dusty Payne,24,0
Dusty Payne,25,0
Dusty Payne,26,0
Dusty Payne,27,0
Dusty Payne,28,0
Dusty Payne,29,0
Dusty Payne,30,0
Dusty Payne,31,0
Dusty Payne,32,0
Dusty Payne,33,500
Mason Ho,23,0
Mason Ho,24,0
Mason Ho,25,0
Mason Ho,26,0
Mason Ho,27,0
Mason Ho,28,0
Mason Ho,29,0
Mason Ho,30,0
Mason Ho,31,0
Mason Ho,32,500
Mason Ho,33,0
Tevita Gukilau,23,0
Tevita Gukilau,24,0
Tevita Gukilau,25,0
Tevita Gukilau,26,0
Tevita Gukilau,27,500
Tevita Gukilau,28,0
Tevita Gukilau,29,0
Tevita Gukilau,30,0
Tevita Gukilau,31,0
Tevita Gukilau,32,0
Tevita Gukilau,33,0
John John Florence,34,5200
John John Florence,35,1750
John John Florence,36,1750
John John Florence,37,10000
John John Florence,38,5200
John John Florence,39,8000
John John Florence,40,8000
John John Florence,41,1750
John John Florence,42,6500
John John Florence,43,10000
John John Florence,44,5200
Jordy Smith,34,500
Jordy Smith,35,8000
Jordy Smith,36,4000
Jordy Smith,37,1750
Jordy Smith,38,1750
Jordy Smith,39,5200
Jordy Smith,40,4000
Jordy Smith,41,10000
Jordy Smith,42,500
Jordy Smith,43,6500
Jordy Smith,44,5200
Gabriel Medina,34,1750
Gabriel Medina,35,1750
Gabriel Medina,36,4000
Gabriel Medina,37,6500
Gabriel Medina,38,10000
Gabriel Medina,39,5200
Gabriel Medina,40,6500
Gabriel Medina,41,1750
Gabriel Medina,42,8000
Gabriel Medina,43,1750
Gabriel Medina,44,1750
Kolohe Andino,34,8000
Kolohe Andino,35,500
Kolohe Andino,36,5200
Kolohe Andino,37,500
Kolohe Andino,38,500
Kolohe Andino,39,1750
Kolohe Andino,40,5200
Kolohe Andino,41,4000
Kolohe Andino,42,6500
Kolohe Andino,43,6500
Kolohe Andino,44,6500
Matt Wilkinson,34,10000
Matt Wilkinson,35,10000
Matt Wilkinson,36,4000
Matt Wilkinson,37,500
Matt Wilkinson,38,8000
Matt Wilkinson,39,1750
Matt Wilkinson,40,1750
Matt Wilkinson,41,500
Matt Wilkinson,42,1750
Matt Wilkinson,43,500
Matt Wilkinson,44,1750
Michel Bourez,34,1750
Michel Bourez,35,5200
Michel Bourez,36,1750
Michel Bourez,37,4000
Michel Bourez,38,4000
Michel Bourez,39,4000
Michel Bourez,40,500
Michel Bourez,41,4000
Michel Bourez,42,500
Michel Bourez,43,4000
Michel Bourez,44,10000
Kelly Slater,34,500
Kelly Slater,35,1750
Kelly Slater,36,500
Kelly Slater,37,0
Kelly Slater,38,6500
Kelly Slater,39,5200
Kelly Slater,40,10000
Kelly Slater,41,5200
Kelly Slater,42,500
Kelly Slater,43,1750
Kelly Slater,44,6500
Julian Wilson,34,500
Julian Wilson,35,4000
Julian Wilson,36,8000
Julian Wilson,37,500
Julian Wilson,38,500
Julian Wilson,39,6500
Julian Wilson,40,5200
Julian Wilson,41,500
Julian Wilson,42,5200
Julian Wilson,43,5200
Julian Wilson,44,1750
Joel Parkinson,34,5200
Joel Parkinson,35,1750
Joel Parkinson,36,6500
Joel Parkinson,37,500
Joel Parkinson,38,500
Joel Parkinson,39,1750
Joel Parkinson,40,4000
Joel Parkinson,41,8000
Joel Parkinson,42,500
Joel Parkinson,43,4000
Joel Parkinson,44,4000
Filipe Toledo,34,6500
Filipe Toledo,35,500
Filipe Toledo,36,500
Filipe Toledo,37,4000
Filipe Toledo,38,1750
Filipe Toledo,39,5200
Filipe Toledo,40,500
Filipe Toledo,41,6500
Filipe Toledo,42,5200
Filipe Toledo,43,1750
Filipe Toledo,44,4000
Adriano de Souza,34,5200
Adriano de Souza,35,1750
Adriano de Souza,36,1750
Adriano de Souza,37,6500
Adriano de Souza,38,5200
Adriano de Souza,39,4000
Adriano de Souza,40,500
Adriano de Souza,41,500
Adriano de Souza,42,4000
Adriano de Souza,43,5200
Adriano de Souza,44,1750
Sebastian Zietz,34,4000
Sebastian Zietz,35,1750
Sebastian Zietz,36,10000
Sebastian Zietz,37,1750
Sebastian Zietz,38,500
Sebastian Zietz,39,1750
Sebastian Zietz,40,1750
Sebastian Zietz,41,500
Sebastian Zietz,42,4000
Sebastian Zietz,43,5200
Sebastian Zietz,44,1750
Josh Kerr,34,1750
Josh Kerr,35,500
Josh Kerr,36,1750
Josh Kerr,37,500
Josh Kerr,38,4000
Josh Kerr,39,6500
Josh Kerr,40,5200
Josh Kerr,41,4000
Josh Kerr,42,500
Josh Kerr,43,1750
Josh Kerr,44,5200
Adrian Buchan,34,5200
Adrian Buchan,35,1750
Adrian Buchan,36,4000
Adrian Buchan,37,500
Adrian Buchan,38,6500
Adrian Buchan,39,1750
Adrian Buchan,40,6500
Adrian Buchan,41,1750
Adrian Buchan,42,1750
Adrian Buchan,43,500
Adrian Buchan,44,500
Italo Ferreira,34,1750
Italo Ferreira,35,6500
Italo Ferreira,36,6500
Italo Ferreira,37,4000
Italo Ferreira,38,1750
Italo Ferreira,39,1750
Italo Ferreira,40,1750
Italo Ferreira,41,1750
Italo Ferreira,42,1750
Italo Ferreira,43,1750
Italo Ferreira,44,1750
Caio Ibelli,34,4000
Caio Ibelli,35,4000
Caio Ibelli,36,5200
Caio Ibelli,37,4000
Caio Ibelli,38,500
Caio Ibelli,39,1750
Caio Ibelli,40,500
Caio Ibelli,41,1750
Caio Ibelli,42,4000
Caio Ibelli,43,1750
Caio Ibelli,44,500
Mick Fanning,34,1750
Mick Fanning,35,6500
Mick Fanning,36,0
Mick Fanning,37,0
Mick Fanning,38,5200
Mick Fanning,39,10000
Mick Fanning,40,0
Mick Fanning,41,1750
Mick Fanning,42,0
Mick Fanning,43,0
Mick Fanning,44,0
Conner Coffin,34,4000
Conner Coffin,35,5200
Conner Coffin,36,500
Conner Coffin,37,500
Conner Coffin,38,1750
Conner Coffin,39,500
Conner Coffin,40,500
Conner Coffin,41,1750
Conner Coffin,42,1750
Conner Coffin,43,8000
Conner Coffin,44,1750
Stuart Kennedy,34,6500
Stuart Kennedy,35,1750
Stuart Kennedy,36,500
Stuart Kennedy,37,1750
Stuart Kennedy,38,500
Stuart Kennedy,39,500
Stuart Kennedy,40,500
Stuart Kennedy,41,5200
Stuart Kennedy,42,4000
Stuart Kennedy,43,4000
Stuart Kennedy,44,500
Kanoa Igarashi,34,4000
Kanoa Igarashi,35,1750
Kanoa Igarashi,36,1750
Kanoa Igarashi,37,1750
Kanoa Igarashi,38,1750
Kanoa Igarashi,39,1750
Kanoa Igarashi,40,1750
Kanoa Igarashi,41,1750
Kanoa Igarashi,42,1750
Kanoa Igarashi,43,1750
Kanoa Igarashi,44,8000
Wiggolly Dantas,34,1750
Wiggolly Dantas,35,5200
Wiggolly Dantas,36,1750
Wiggolly Dantas,37,500
Wiggolly Dantas,38,5200
Wiggolly Dantas,39,4000
Wiggolly Dantas,40,500
Wiggolly Dantas,41,1750
Wiggolly Dantas,42,500
Wiggolly Dantas,43,1750
Wiggolly Dantas,44,1750
Miguel Pupo,34,500
Miguel Pupo,35,1750
Miguel Pupo,36,1750
Miguel Pupo,37,5200
Miguel Pupo,38,1750
Miguel Pupo,39,1750
Miguel Pupo,40,500
Miguel Pupo,41,1750
Miguel Pupo,42,1750
Miguel Pupo,43,5200
Miguel Pupo,44,1750
Nat Young,34,1750
Nat Young,35,5200
Nat Young,36,5200
Nat Young,37,1750
Nat Young,38,500
Nat Young,39,500
Nat Young,40,1750
Nat Young,41,500
Nat Young,42,1750
Nat Young,43,500
Nat Young,44,4000
Keanu Asing,34,500
Keanu Asing,35,500
Keanu Asing,36,500
Keanu Asing,37,500
Keanu Asing,38,1750
Keanu Asing,39,500
Keanu Asing,40,4000
Keanu Asing,41,500
Keanu Asing,42,10000
Keanu Asing,43,500
Keanu Asing,44,500
Jeremy Flores,34,1750
Jeremy Flores,35,500
Jeremy Flores,36,1750
Jeremy Flores,37,500
Jeremy Flores,38,1750
Jeremy Flores,39,500
Jeremy Flores,40,1750
Jeremy Flores,41,500
Jeremy Flores,42,500
Jeremy Flores,43,4000
Jeremy Flores,44,5200
Jadson Andre,34,1750
Jadson Andre,35,500
Jadson Andre,36,500
Jadson Andre,37,500
Jadson Andre,38,4000
Jadson Andre,39,500
Jadson Andre,40,4000
Jadson Andre,41,4000
Jadson Andre,42,500
Jadson Andre,43,1750
Jadson Andre,44,500
Dusty Payne,34,0
Dusty Payne,35,1750
Dusty Payne,36,500
Dusty Payne,37,5200
Dusty Payne,38,4000
Dusty Payne,39,1750
Dusty Payne,40,1750
Dusty Payne,41,0
Dusty Payne,42,500
Dusty Payne,43,500
Dusty Payne,44,0
Kai Otton,34,500
Kai Otton,35,1750
Kai Otton,36,500
Kai Otton,37,0
Kai Otton,38,500
Kai Otton,39,500
Kai Otton,40,1750
Kai Otton,41,1750
Kai Otton,42,5200
Kai Otton,43,1750
Kai Otton,44,1750
Matt Banting,34,500
Matt Banting,35,500
Matt Banting,36,1750
Matt Banting,37,1750
Matt Banting,38,1750
Matt Banting,39,500
Matt Banting,40,1750
Matt Banting,41,500
Matt Banting,42,5200
Matt Banting,43,1750
Matt Banting,44,500
Davey Cathels,34,500
Davey Cathels,35,4000
Davey Cathels,36,500
Davey Cathels,37,5200
Davey Cathels,38,500
Davey Cathels,39,1750
Davey Cathels,40,500
Davey Cathels,41,500
Davey Cathels,42,1750
Davey Cathels,43,500
Davey Cathels,44,500
Jack Freestone,34,500
Jack Freestone,35,500
Jack Freestone,36,500
Jack Freestone,37,8000
Jack Freestone,38,500
Jack Freestone,39,500
Jack Freestone,40,500
Jack Freestone,41,1750
Jack Freestone,42,1750
Jack Freestone,43,500
Jack Freestone,44,500
Alejo Muniz,34,500
Alejo Muniz,35,500
Alejo Muniz,36,1750
Alejo Muniz,37,1750
Alejo Muniz,38,1750
Alejo Muniz,39,4000
Alejo Muniz,40,1750
Alejo Muniz,41,500
Alejo Muniz,42,1750
Alejo Muniz,43,500
Alejo Muniz,44,500
Adam Melling,34,500
Adam Melling,35,500
Adam Melling,36,1750
Adam Melling,37,5200
Adam Melling,38,1750
Adam Melling,39,1750
Adam Melling,40,1750
Adam Melling,41,500
Adam Melling,42,500
Adam Melling,43,500
Adam Melling,44,500
Ryan Callinan,34,1750
Ryan Callinan,35,500
Ryan Callinan,36,500
Ryan Callinan,37,1750
Ryan Callinan,38,500
Ryan Callinan,39,500
Ryan Callinan,40,500
Ryan Callinan,41,500
Ryan Callinan,42,1750
Ryan Callinan,43,500
Ryan Callinan,44,4000
Alex Ribeiro,34,500
Alex Ribeiro,35,500
Alex Ribeiro,36,500
Alex Ribeiro,37,500
Alex Ribeiro,38,500
Alex Ribeiro,39,500
Alex Ribeiro,40,1750
Alex Ribeiro,41,5200
Alex Ribeiro,42,500
Alex Ribeiro,43,500
Alex Ribeiro,44,1750
Leonardo Fioravanti,34,0
Leonardo Fioravanti,35,0
Leonardo Fioravanti,36,5200
Leonardo Fioravanti,37,1750
Leonardo Fioravanti,38,0
Leonardo Fioravanti,39,0
Leonardo Fioravanti,40,0
Leonardo Fioravanti,41,0
Leonardo Fioravanti,42,1750
Leonardo Fioravanti,43,0
Leonardo Fioravanti,44,0
Tanner Gudauskas,34,0
Tanner Gudauskas,35,0
Tanner Gudauskas,36,0
Tanner Gudauskas,37,0
Tanner Gudauskas,38,0
Tanner Gudauskas,39,0
Tanner Gudauskas,40,0
Tanner Gudauskas,41,6500
Tanner Gudauskas,42,0
Tanner Gudauskas,43,0
Tanner Gudauskas,44,0
Bede Durbidge,34,500
Bede Durbidge,35,500
Bede Durbidge,36,500
Bede Durbidge,37,500
Bede Durbidge,38,500
Bede Durbidge,39,500
Bede Durbidge,40,500
Bede Durbidge,41,500
Bede Durbidge,42,500
Bede Durbidge,43,500
Bede Durbidge,44,1750
Taj Burrow,34,1750
Taj Burrow,35,500
Taj Burrow,36,1750
Taj Burrow,37,0
Taj Burrow,38,1750
Taj Burrow,39,0
Taj Burrow,40,0
Taj Burrow,41,0
Taj Burrow,42,0
Taj Burrow,43,0
Taj Burrow,44,0
Brett Simpson,34,0
Brett Simpson,35,0
Brett Simpson,36,0
Brett Simpson,37,0
Brett Simpson,38,0
Brett Simpson,39,0
Brett Simpson,40,0
Brett Simpson,41,5200
Brett Simpson,42,0
Brett Simpson,43,0
Brett Simpson,44,0
Bruno Santos,34,0
Bruno Santos,35,0
Bruno Santos,36,0
Bruno Santos,37,0
Bruno Santos,38,0
Bruno Santos,39,0
Bruno Santos,40,5200
Bruno Santos,41,0
Bruno Santos,42,0
Bruno Santos,43,0
Bruno Santos,44,0
Owen Wright,34,500
Owen Wright,35,500
Owen Wright,36,500
Owen Wright,37,500
Owen Wright,38,500
Owen Wright,39,500
Owen Wright,40,500
Owen Wright,41,500
Owen Wright,42,500
Owen Wright,43,500
Owen Wright,44,500
∞,34,0
∞,35,4000
∞,36,0
∞,37,0
∞,38,0
∞,39,0
∞,40,0
∞,41,0
∞,42,0
∞,43,0
∞,44,0
Frederico Morais,34,0
Frederico Morais,35,0
Frederico Morais,36,0
Frederico Morais,37,0
Frederico Morais,38,0
Frederico Morais,39,0
Frederico Morais,40,0
Frederico Morais,41,0
Frederico Morais,42,0
Frederico Morais,43,1750
Frederico Morais,44,500
Mikey Wright,34,1750
Mikey Wright,35,0
Mikey Wright,36,0
Mikey Wright,37,0
Mikey Wright,38,0
Mikey Wright,39,0
Mikey Wright,40,0
Mikey Wright,41,0
Mikey Wright,42,0
Mikey Wright,43,0
Mikey Wright,44,0
Deivid Silva,34,0
Deivid Silva,35,0
Deivid Silva,36,0
Deivid Silva,37,1750
Deivid Silva,38,0
Deivid Silva,39,0
Deivid Silva,40,0
Deivid Silva,41,0
Deivid Silva,42,0
Deivid Silva,43,0
Deivid Silva,44,0
Lucas Silveira,34,0
Lucas Silveira,35,0
Lucas Silveira,36,0
Lucas Silveira,37,1750
Lucas Silveira,38,0
Lucas Silveira,39,0
Lucas Silveira,40,0
Lucas Silveira,41,0
Lucas Silveira,42,0
Lucas Silveira,43,0
Lucas Silveira,44,0
Marco Fernandez,34,0
Marco Fernandez,35,0
Marco Fernandez,36,0
Marco Fernandez,37,1750
Marco Fernandez,38,0
Marco Fernandez,39,0
Marco Fernandez,40,0
Marco Fernandez,41,0
Marco Fernandez,42,0
Marco Fernandez,43,0
Marco Fernandez,44,0
Bino Lopes,34,0
Bino Lopes,35,0
Bino Lopes,36,0
Bino Lopes,37,500
Bino Lopes,38,0
Bino Lopes,39,0
Bino Lopes,40,0
Bino Lopes,41,0
Bino Lopes,42,0
Bino Lopes,43,0
Bino Lopes,44,0
Joan Duru,34,0
Joan Duru,35,0
Joan Duru,36,0
Joan Duru,37,0
Joan Duru,38,0
Joan Duru,39,0
Joan Duru,40,0
Joan Duru,41,0
Joan Duru,42,500
Joan Duru,43,0
Joan Duru,44,0
Adriano de Souza,45,6500
Adriano de Souza,46,8000
Adriano de Souza,47,10000
Adriano de Souza,48,1750
Adriano de Souza,49,1750
Adriano de Souza,50,5200
Adriano de Souza,51,1750
Adriano de Souza,52,8000
Adriano de Souza,53,6500
Adriano de Souza,54,1750
Adriano de Souza,55,10000
Mick Fanning,45,5200
Mick Fanning,46,10000
Mick Fanning,47,1750
Mick Fanning,48,4000
Mick Fanning,49,4000
Mick Fanning,50,8000
Mick Fanning,51,1750
Mick Fanning,52,10000
Mick Fanning,53,5200
Mick Fanning,54,1750
Mick Fanning,55,6500
Gabriel Medina,45,1750
Gabriel Medina,46,5200
Gabriel Medina,47,500
Gabriel Medina,48,1750
Gabriel Medina,49,1750
Gabriel Medina,50,5200
Gabriel Medina,51,8000
Gabriel Medina,52,6500
Gabriel Medina,53,10000
Gabriel Medina,54,5200
Gabriel Medina,55,8000
Filipe Toledo,45,10000
Filipe Toledo,46,5200
Filipe Toledo,47,500
Filipe Toledo,48,10000
Filipe Toledo,49,1750
Filipe Toledo,50,1750
Filipe Toledo,51,4000
Filipe Toledo,52,6500
Filipe Toledo,53,500
Filipe Toledo,54,10000
Filipe Toledo,55,1750
Owen Wright,45,1750
Owen Wright,46,5200
Owen Wright,47,4000
Owen Wright,48,5200
Owen Wright,49,10000
Owen Wright,50,1750
Owen Wright,51,6500
Owen Wright,52,4000
Owen Wright,53,5200
Owen Wright,54,500
Owen Wright,55,500
Julian Wilson,45,8000
Julian Wilson,46,1750
Julian Wilson,47,5200
Julian Wilson,48,500
Julian Wilson,49,8000
Julian Wilson,50,8000
Julian Wilson,51,1750
Julian Wilson,52,1750
Julian Wilson,53,6500
Julian Wilson,54,500
Julian Wilson,55,1750
Italo Ferreira,45,4000
Italo Ferreira,46,500
Italo Ferreira,47,1750
Italo Ferreira,48,6500
Italo Ferreira,49,5200
Italo Ferreira,50,1750
Italo Ferreira,51,5200
Italo Ferreira,52,4000
Italo Ferreira,53,5200
Italo Ferreira,54,8000
Italo Ferreira,55,1750
Jeremy Flores,45,500
Jeremy Flores,46,4000
Jeremy Flores,47,4000
Jeremy Flores,48,1750
Jeremy Flores,49,6500
Jeremy Flores,50,500
Jeremy Flores,51,10000
Jeremy Flores,52,1750
Jeremy Flores,53,4000
Jeremy Flores,54,5200
Jeremy Flores,55,4000
Kelly Slater,45,1750
Kelly Slater,46,4000
Kelly Slater,47,5200
Kelly Slater,48,1750
Kelly Slater,49,4000
Kelly Slater,50,6500
Kelly Slater,51,5200
Kelly Slater,52,4000
Kelly Slater,53,1750
Kelly Slater,54,1750
Kelly Slater,55,5200
Nat Young,45,1750
Nat Young,46,6500
Nat Young,47,6500
Nat Young,48,1750
Nat Young,49,1750
Nat Young,50,4000
Nat Young,51,500
Nat Young,52,5200
Nat Young,53,1750
Nat Young,54,4000
Nat Young,55,500
Josh Kerr,45,1750
Josh Kerr,46,6500
Josh Kerr,47,4000
Josh Kerr,48,5200
Josh Kerr,49,500
Josh Kerr,50,1750
Josh Kerr,51,5200
Josh Kerr,52,1750
Josh Kerr,53,1750
Josh Kerr,54,1750
Josh Kerr,55,5200
Bede Durbidge,45,5200
Bede Durbidge,46,500
Bede Durbidge,47,500
Bede Durbidge,48,8000
Bede Durbidge,49,1750
Bede Durbidge,50,1750
Bede Durbidge,51,1750
Bede Durbidge,52,1750
Bede Durbidge,53,8000
Bede Durbidge,54,1750
Bede Durbidge,55,1750
Joel Parkinson,45,1750
Joel Parkinson,46,4000
Joel Parkinson,47,1750
Joel Parkinson,48,500
Joel Parkinson,49,5200
Joel Parkinson,50,1750
Joel Parkinson,51,1750
Joel Parkinson,52,5200
Joel Parkinson,53,500
Joel Parkinson,54,5200
Joel Parkinson,55,4000
John John Florence,45,1750
John John Florence,46,1750
John John Florence,47,8000
John John Florence,48,4000
John John Florence,49,500
John John Florence,50,500
John John Florence,51,1750
John John Florence,52,500
John John Florence,53,5200
John John Florence,54,1750
John John Florence,55,4000
Wiggolly Dantas,45,5200
Wiggolly Dantas,46,500
Wiggolly Dantas,47,500
Wiggolly Dantas,48,1750
Wiggolly Dantas,49,5200
Wiggolly Dantas,50,4000
Wiggolly Dantas,51,4000
Wiggolly Dantas,52,5200
Wiggolly Dantas,53,500
Wiggolly Dantas,54,500
Wiggolly Dantas,55,500
Taj Burrow,45,5200
Taj Burrow,46,1750
Taj Burrow,47,6500
Taj Burrow,48,1750
Taj Burrow,49,6500
Taj Burrow,50,500
Taj Burrow,51,500
Taj Burrow,52,1750
Taj Burrow,53,0
Taj Burrow,54,0
Taj Burrow,55,1750
Kai Otton,45,500
Kai Otton,46,500
Kai Otton,47,1750
Kai Otton,48,1750
Kai Otton,49,5200
Kai Otton,50,5200
Kai Otton,51,5200
Kai Otton,52,1750
Kai Otton,53,1750
Kai Otton,54,500
Kai Otton,55,1750
Matt Wilkinson,45,4000
Matt Wilkinson,46,1750
Matt Wilkinson,47,500
Matt Wilkinson,48,6500
Matt Wilkinson,49,500
Matt Wilkinson,50,1750
Matt Wilkinson,51,1750
Matt Wilkinson,52,1750
Matt Wilkinson,53,4000
Matt Wilkinson,54,1750
Matt Wilkinson,55,500
Adrian Buchan,45,500
Adrian Buchan,46,500
Adrian Buchan,47,1750
Adrian Buchan,48,1750
Adrian Buchan,49,1750
Adrian Buchan,50,6500
Adrian Buchan,51,1750
Adrian Buchan,52,5200
Adrian Buchan,53,1750
Adrian Buchan,54,500
Adrian Buchan,55,1750
Keanu Asing,45,500
Keanu Asing,46,1750
Keanu Asing,47,500
Keanu Asing,48,4000
Keanu Asing,49,1750
Keanu Asing,50,4000
Keanu Asing,51,500
Keanu Asing,52,500
Keanu Asing,53,1750
Keanu Asing,54,4000
Keanu Asing,55,4000
Michel Bourez,45,500
Michel Bourez,46,500
Michel Bourez,47,5200
Michel Bourez,48,500
Michel Bourez,49,500
Michel Bourez,50,4000
Michel Bourez,51,500
Michel Bourez,52,1750
Michel Bourez,53,1750
Michel Bourez,54,4000
Michel Bourez,55,1750
Jadson Andre,45,500
Jadson Andre,46,4000
Jadson Andre,47,1750
Jadson Andre,48,5200
Jadson Andre,49,1750
Jadson Andre,50,500
Jadson Andre,51,1750
Jadson Andre,52,500
Jadson Andre,53,4000
Jadson Andre,54,500
Jadson Andre,55,500
Adam Melling,45,500
Adam Melling,46,1750
Adam Melling,47,1750
Adam Melling,48,1750
Adam Melling,49,4000
Adam Melling,50,1750
Adam Melling,51,500
Adam Melling,52,1750
Adam Melling,53,500
Adam Melling,54,500
Adam Melling,55,5200
C.J. Hobgood,45,500
C.J. Hobgood,46,500
C.J. Hobgood,47,500
C.J. Hobgood,48,500
C.J. Hobgood,49,500
C.J. Hobgood,50,1750
C.J. Hobgood,51,6500
C.J. Hobgood,52,500
C.J. Hobgood,53,1750
C.J. Hobgood,54,1750
C.J. Hobgood,55,5200
Kolohe Andino,45,1750
Kolohe Andino,46,1750
Kolohe Andino,47,500
Kolohe Andino,48,500
Kolohe Andino,49,1750
Kolohe Andino,50,1750
Kolohe Andino,51,500
Kolohe Andino,52,1750
Kolohe Andino,53,4000
Kolohe Andino,54,4000
Kolohe Andino,55,500
Sebastian Zietz,45,1750
Sebastian Zietz,46,1750
Sebastian Zietz,47,4000
Sebastian Zietz,48,1750
Sebastian Zietz,49,1750
Sebastian Zietz,50,500
Sebastian Zietz,51,1750
Sebastian Zietz,52,500
Sebastian Zietz,53,500
Sebastian Zietz,54,1750
Sebastian Zietz,55,1750
Miguel Pupo,45,6500
Miguel Pupo,46,500
Miguel Pupo,47,1750
Miguel Pupo,48,500
Miguel Pupo,49,500
Miguel Pupo,50,500
Miguel Pupo,51,500
Miguel Pupo,52,4000
Miguel Pupo,53,500
Miguel Pupo,54,500
Miguel Pupo,55,500
Jordy Smith,45,4000
Jordy Smith,46,5200
Jordy Smith,47,1750
Jordy Smith,48,500
Jordy Smith,49,500
Jordy Smith,50,500
Jordy Smith,51,500
Jordy Smith,52,500
Jordy Smith,53,500
Jordy Smith,54,500
Jordy Smith,55,1750
Brett Simpson,45,500
Brett Simpson,46,1750
Brett Simpson,47,500
Brett Simpson,48,500
Brett Simpson,49,500
Brett Simpson,50,500
Brett Simpson,51,1750
Brett Simpson,52,500
Brett Simpson,53,1750
Brett Simpson,54,6500
Brett Simpson,55,500
Glenn Hall,45,4000
Glenn Hall,46,500
Glenn Hall,47,1750
Glenn Hall,48,500
Glenn Hall,49,500
Glenn Hall,50,500
Glenn Hall,51,500
Glenn Hall,52,1750
Glenn Hall,53,500
Glenn Hall,54,500
Glenn Hall,55,1750
Ricardo Christie,45,500
Ricardo Christie,46,500
Ricardo Christie,47,1750
Ricardo Christie,48,5200
Ricardo Christie,49,500
Ricardo Christie,50,500
Ricardo Christie,51,500
Ricardo Christie,52,500
Ricardo Christie,53,500
Ricardo Christie,54,1750
Ricardo Christie,55,500
Freddy Patacchia Jr.,45,1750
Freddy Patacchia Jr.,46,1750
Freddy Patacchia Jr.,47,1750
Freddy Patacchia Jr.,48,500
Freddy Patacchia Jr.,49,1750
Freddy Patacchia Jr.,50,1750
Freddy Patacchia Jr.,51,500
Freddy Patacchia Jr.,52,1750
Freddy Patacchia Jr.,53,0
Freddy Patacchia Jr.,54,0
Freddy Patacchia Jr.,55,0
Matt Banting,45,1750
Matt Banting,46,1750
Matt Banting,47,500
Matt Banting,48,4000
Matt Banting,49,500
Matt Banting,50,500
Matt Banting,51,500
Matt Banting,52,500
Matt Banting,53,500
Matt Banting,54,500
Matt Banting,55,500
Mason Ho,45,0
Mason Ho,46,1750
Mason Ho,47,0
Mason Ho,48,0
Mason Ho,49,0
Mason Ho,50,0
Mason Ho,51,0
Mason Ho,52,0
Mason Ho,53,0
Mason Ho,54,1750
Mason Ho,55,6500
Alejo Muniz,45,0
Alejo Muniz,46,0
Alejo Muniz,47,500
Alejo Muniz,48,500
Alejo Muniz,49,1750
Alejo Muniz,50,5200
Alejo Muniz,51,0
Alejo Muniz,52,0
Alejo Muniz,53,500
Alejo Muniz,54,0
Alejo Muniz,55,0
Dusty Payne,45,1750
Dusty Payne,46,500
Dusty Payne,47,500
Dusty Payne,48,1750
Dusty Payne,49,500
Dusty Payne,50,500
Dusty Payne,51,1750
Dusty Payne,52,500
Dusty Payne,53,500
Dusty Payne,54,500
Dusty Payne,55,500
Dane Reynolds,45,500
Dane Reynolds,46,0
Dane Reynolds,47,0
Dane Reynolds,48,0
Dane Reynolds,49,4000
Dane Reynolds,50,1750
Dane Reynolds,51,0
Dane Reynolds,52,0
Dane Reynolds,53,1750
Dane Reynolds,54,0
Dane Reynolds,55,0
Vasco Ribeiro,45,0
Vasco Ribeiro,46,0
Vasco Ribeiro,47,0
Vasco Ribeiro,48,0
Vasco Ribeiro,49,0
Vasco Ribeiro,50,0
Vasco Ribeiro,51,0
Vasco Ribeiro,52,0
Vasco Ribeiro,53,0
Vasco Ribeiro,54,6500
Vasco Ribeiro,55,0
Aritz Aranburu,45,0
Aritz Aranburu,46,0
Aritz Aranburu,47,0
Aritz Aranburu,48,0
Aritz Aranburu,49,500
Aritz Aranburu,50,0
Aritz Aranburu,51,4000
Aritz Aranburu,52,500
Aritz Aranburu,53,500
Aritz Aranburu,54,500
Aritz Aranburu,55,0
Jay Davies,45,0
Jay Davies,46,0
Jay Davies,47,5200
Jay Davies,48,0
Jay Davies,49,500
Jay Davies,50,0
Jay Davies,51,0
Jay Davies,52,0
Jay Davies,53,0
Jay Davies,54,0
Jay Davies,55,0
Frederico Morais,45,0
Frederico Morais,46,0
Frederico Morais,47,0
Frederico Morais,48,0
Frederico Morais,49,0
Frederico Morais,50,0
Frederico Morais,51,0
Frederico Morais,52,0
Frederico Morais,53,0
Frederico Morais,54,5200
Frederico Morais,55,0
Bruno Santos,45,0
Bruno Santos,46,0
Bruno Santos,47,0
Bruno Santos,48,0
Bruno Santos,49,0
Bruno Santos,50,0
Bruno Santos,51,4000
Bruno Santos,52,0
Bruno Santos,53,0
Bruno Santos,54,0
Bruno Santos,55,0
Tomas Hermes,45,0
Tomas Hermes,46,0
Tomas Hermes,47,0
Tomas Hermes,48,0
Tomas Hermes,49,0
Tomas Hermes,50,500
Tomas Hermes,51,0
Tomas Hermes,52,500
Tomas Hermes,53,1750
Tomas Hermes,54,500
Tomas Hermes,55,0
Caio Ibelli,45,0
Caio Ibelli,46,0
Caio Ibelli,47,0
Caio Ibelli,48,0
Caio Ibelli,49,0
Caio Ibelli,50,0
Caio Ibelli,51,0
Caio Ibelli,52,0
Caio Ibelli,53,500
Caio Ibelli,54,1750
Caio Ibelli,55,0
Maxime Huscenot,45,0
Maxime Huscenot,46,0
Maxime Huscenot,47,0
Maxime Huscenot,48,0
Maxime Huscenot,49,0
Maxime Huscenot,50,0
Maxime Huscenot,51,0
Maxime Huscenot,52,0
Maxime Huscenot,53,1750
Maxime Huscenot,54,0
Maxime Huscenot,55,0
Jamie O'Brien,45,0
Jamie O'Brien,46,0
Jamie O'Brien,47,0
Jamie O'Brien,48,0
Jamie O'Brien,49,0
Jamie O'Brien,50,0
Jamie O'Brien,51,0
Jamie O'Brien,52,0
Jamie O'Brien,53,0
Jamie O'Brien,54,0
Jamie O'Brien,55,1750
Garrett Parkes,45,0
Garrett Parkes,46,0
Garrett Parkes,47,0
Garrett Parkes,48,0
Garrett Parkes,49,0
Garrett Parkes,50,0
Garrett Parkes,51,500
Garrett Parkes,52,0
Garrett Parkes,53,0
Garrett Parkes,54,0
Garrett Parkes,55,0
Inia Nakalevu,45,0
Inia Nakalevu,46,0
Inia Nakalevu,47,0
Inia Nakalevu,48,0
Inia Nakalevu,49,500
Inia Nakalevu,50,0
Inia Nakalevu,51,0
Inia Nakalevu,52,0
Inia Nakalevu,53,0
Inia Nakalevu,54,0
Inia Nakalevu,55,0
Aca Ravulo,45,0
Aca Ravulo,46,0
Aca Ravulo,47,0
Aca Ravulo,48,0
Aca Ravulo,49,500
Aca Ravulo,50,0
Aca Ravulo,51,0
Aca Ravulo,52,0
Aca Ravulo,53,0
Aca Ravulo,54,0
Aca Ravulo,55,0
Joe Van Dijk,45,0
Joe Van Dijk,46,500
Joe Van Dijk,47,0
Joe Van Dijk,48,0
Joe Van Dijk,49,0
Joe Van Dijk,50,0
Joe Van Dijk,51,0
Joe Van Dijk,52,0
Joe Van Dijk,53,0
Joe Van Dijk,54,0
Joe Van Dijk,55,0
Gabriel Medina,56,10000
Gabriel Medina,57,5200
Gabriel Medina,58,4000
Gabriel Medina,59,1750
Gabriel Medina,60,10000
Gabriel Medina,61,5200
Gabriel Medina,62,10000
Gabriel Medina,63,5200
Gabriel Medina,64,5200
Gabriel Medina,65,1750
Gabriel Medina,66,8000
Mick Fanning,56,5200
Mick Fanning,57,1750
Mick Fanning,58,10000
Mick Fanning,59,500
Mick Fanning,60,5200
Mick Fanning,61,10000
Mick Fanning,62,1750
Mick Fanning,63,5200
Mick Fanning,64,4000
Mick Fanning,65,10000
Mick Fanning,66,4000
John John Florence,56,500
John John Florence,57,1750
John John Florence,58,6500
John John Florence,59,1750
John John Florence,60,5200
John John Florence,61,1750
John John Florence,62,6500
John John Florence,63,8000
John John Florence,64,10000
John John Florence,65,6500
John John Florence,66,5200
Kelly Slater,56,5200
Kelly Slater,57,6500
Kelly Slater,58,5200
Kelly Slater,59,6500
Kelly Slater,60,5200
Kelly Slater,61,1750
Kelly Slater,62,8000
Kelly Slater,63,6500
Kelly Slater,64,5200
Kelly Slater,65,1750
Kelly Slater,66,1750
Michel Bourez,56,1750
Michel Bourez,57,10000
Michel Bourez,58,500
Michel Bourez,59,10000
Michel Bourez,60,6500
Michel Bourez,61,1750
Michel Bourez,62,4000
Michel Bourez,63,4000
Michel Bourez,64,1750
Michel Bourez,65,4000
Michel Bourez,66,4000
Joel Parkinson,56,8000
Joel Parkinson,57,5200
Joel Parkinson,58,5200
Joel Parkinson,59,4000
Joel Parkinson,60,4000
Joel Parkinson,61,8000
Joel Parkinson,62,1750
Joel Parkinson,63,5200
Joel Parkinson,64,1750
Joel Parkinson,65,1750
Joel Parkinson,66,1750
Jordy Smith,56,500
Jordy Smith,57,5200
Jordy Smith,58,4000
Jordy Smith,59,5200
Jordy Smith,60,1750
Jordy Smith,61,1750
Jordy Smith,62,500
Jordy Smith,63,10000
Jordy Smith,64,6500
Jordy Smith,65,8000
Jordy Smith,66,500
Adriano de Souza,56,6500
Adriano de Souza,57,4000
Adriano de Souza,58,5200
Adriano de Souza,59,4000
Adriano de Souza,60,5200
Adriano de Souza,61,5200
Adriano de Souza,62,500
Adriano de Souza,63,5200
Adriano de Souza,64,1750
Adriano de Souza,65,5200
Adriano de Souza,66,500
Taj Burrow,56,6500
Taj Burrow,57,1750
Taj Burrow,58,8000
Taj Burrow,59,6500
Taj Burrow,60,4000
Taj Burrow,61,5200
Taj Burrow,62,1750
Taj Burrow,63,4000
Taj Burrow,64,4000
Taj Burrow,65,1750
Taj Burrow,66,500
Josh Kerr,56,4000
Josh Kerr,57,8000
Josh Kerr,58,1750
Josh Kerr,59,4000
Josh Kerr,60,500
Josh Kerr,61,4000
Josh Kerr,62,1750
Josh Kerr,63,500
Josh Kerr,64,6500
Josh Kerr,65,5200
Josh Kerr,66,6500
Kolohe Andino,56,1750
Kolohe Andino,57,1750
Kolohe Andino,58,500
Kolohe Andino,59,8000
Kolohe Andino,60,6500
Kolohe Andino,61,4000
Kolohe Andino,62,5200
Kolohe Andino,63,1750
Kolohe Andino,64,5200
Kolohe Andino,65,1750
Kolohe Andino,66,1750
Owen Wright,56,1750
Owen Wright,57,1750
Owen Wright,58,5200
Owen Wright,59,500
Owen Wright,60,4000
Owen Wright,61,6500
Owen Wright,62,5200
Owen Wright,63,4000
Owen Wright,64,1750
Owen Wright,65,1750
Owen Wright,66,4000
Nat Young,56,4000
Nat Young,57,5200
Nat Young,58,1750
Nat Young,59,5200
Nat Young,60,8000
Nat Young,61,1750
Nat Young,62,1750
Nat Young,63,1750
Nat Young,64,500
Nat Young,65,500
Nat Young,66,1750
Julian Wilson,56,1750
Julian Wilson,57,1750
Julian Wilson,58,6500
Julian Wilson,59,1750
Julian Wilson,60,1750
Julian Wilson,61,1750
Julian Wilson,62,500
Julian Wilson,63,1750
Julian Wilson,64,1750
Julian Wilson,65,500
Julian Wilson,66,10000
Adrian Buchan,56,1750
Adrian Buchan,57,1750
Adrian Buchan,58,500
Adrian Buchan,59,1750
Adrian Buchan,60,1750
Adrian Buchan,61,1750
Adrian Buchan,62,5200
Adrian Buchan,63,6500
Adrian Buchan,64,1750
Adrian Buchan,65,500
Adrian Buchan,66,6500
Bede Durbidge,56,500
Bede Durbidge,57,6500
Bede Durbidge,58,1750
Bede Durbidge,59,5200
Bede Durbidge,60,1750
Bede Durbidge,61,500
Bede Durbidge,62,6500
Bede Durbidge,63,500
Bede Durbidge,64,500
Bede Durbidge,65,4000
Bede Durbidge,66,1750
Filipe Toledo,56,500
Filipe Toledo,57,4000
Filipe Toledo,58,1750
Filipe Toledo,59,1750
Filipe Toledo,60,4000
Filipe Toledo,61,500
Filipe Toledo,62,500
Filipe Toledo,63,1750
Filipe Toledo,64,4000
Filipe Toledo,65,5200
Filipe Toledo,66,5200
Kai Otton,56,500
Kai Otton,57,1750
Kai Otton,58,1750
Kai Otton,59,500
Kai Otton,60,1750
Kai Otton,61,1750
Kai Otton,62,4000
Kai Otton,63,1750
Kai Otton,64,1750
Kai Otton,65,6500
Kai Otton,66,5200
Miguel Pupo,56,5200
Miguel Pupo,57,4000
Miguel Pupo,58,1750
Miguel Pupo,59,500
Miguel Pupo,60,500
Miguel Pupo,61,1750
Miguel Pupo,62,500
Miguel Pupo,63,4000
Miguel Pupo,64,5200
Miguel Pupo,65,1750
Miguel Pupo,66,1750
Sebastian Zietz,56,500
Sebastian Zietz,57,1750
Sebastian Zietz,58,1750
Sebastian Zietz,59,5200
Sebastian Zietz,60,1750
Sebastian Zietz,61,1750
Sebastian Zietz,62,1750
Sebastian Zietz,63,500
Sebastian Zietz,64,1750
Sebastian Zietz,65,1750
Sebastian Zietz,66,4000
Freddy Patacchia Jr.,56,4000
Freddy Patacchia Jr.,57,500
Freddy Patacchia Jr.,58,4000
Freddy Patacchia Jr.,59,500
Freddy Patacchia Jr.,60,1750
Freddy Patacchia Jr.,61,4000
Freddy Patacchia Jr.,62,500
Freddy Patacchia Jr.,63,1750
Freddy Patacchia Jr.,64,1750
Freddy Patacchia Jr.,65,1750
Freddy Patacchia Jr.,66,1750
Jadson Andre,56,1750
Jadson Andre,57,1750
Jadson Andre,58,500
Jadson Andre,59,1750
Jadson Andre,60,500
Jadson Andre,61,500
Jadson Andre,62,1750
Jadson Andre,63,1750
Jadson Andre,64,8000
Jadson Andre,65,1750
Jadson Andre,66,1750
Matt Wilkinson,56,500
Matt Wilkinson,57,500
Matt Wilkinson,58,1750
Matt Wilkinson,59,500
Matt Wilkinson,60,500
Matt Wilkinson,61,6500
Matt Wilkinson,62,1750
Matt Wilkinson,63,500
Matt Wilkinson,64,4000
Matt Wilkinson,65,500
Matt Wilkinson,66,1750
C.J. Hobgood,56,5200
C.J. Hobgood,57,1750
C.J. Hobgood,58,1750
C.J. Hobgood,59,500
C.J. Hobgood,60,500
C.J. Hobgood,61,4000
C.J. Hobgood,62,1750
C.J. Hobgood,63,1750
C.J. Hobgood,64,500
C.J. Hobgood,65,500
C.J. Hobgood,66,500
Adam Melling,56,1750
Adam Melling,57,1750
Adam Melling,58,4000
Adam Melling,59,500
Adam Melling,60,500
Adam Melling,61,1750
Adam Melling,62,500
Adam Melling,63,500
Adam Melling,64,500
Adam Melling,65,5200
Adam Melling,66,1750
Alejo Muniz,56,500
Alejo Muniz,57,500
Alejo Muniz,58,500
Alejo Muniz,59,1750
Alejo Muniz,60,1750
Alejo Muniz,61,5200
Alejo Muniz,62,500
Alejo Muniz,63,500
Alejo Muniz,64,500
Alejo Muniz,65,1750
Alejo Muniz,66,5200
Aritz Aranburu,56,500
Aritz Aranburu,57,500
Aritz Aranburu,58,1750
Aritz Aranburu,59,1750
Aritz Aranburu,60,500
Aritz Aranburu,61,1750
Aritz Aranburu,62,1750
Aritz Aranburu,63,1750
Aritz Aranburu,64,500
Aritz Aranburu,65,4000
Aritz Aranburu,66,500
Dion Atkinson,56,1750
Dion Atkinson,57,500
Dion Atkinson,58,500
Dion Atkinson,59,1750
Dion Atkinson,60,500
Dion Atkinson,61,500
Dion Atkinson,62,5200
Dion Atkinson,63,500
Dion Atkinson,64,1750
Dion Atkinson,65,1750
Dion Atkinson,66,500
Tiago Pires,56,1750
Tiago Pires,57,500
Tiago Pires,58,500
Tiago Pires,59,1750
Tiago Pires,60,1750
Tiago Pires,61,500
Tiago Pires,62,4000
Tiago Pires,63,1750
Tiago Pires,64,500
Tiago Pires,65,500
Tiago Pires,66,500
Mitch Crews,56,4000
Mitch Crews,57,500
Mitch Crews,58,1750
Mitch Crews,59,1750
Mitch Crews,60,500
Mitch Crews,61,500
Mitch Crews,62,1750
Mitch Crews,63,500
Mitch Crews,64,500
Mitch Crews,65,500
Mitch Crews,66,500
Brett Simpson,56,500
Brett Simpson,57,500
Brett Simpson,58,500
Brett Simpson,59,500
Brett Simpson,60,500
Brett Simpson,61,500
Brett Simpson,62,4000
Brett Simpson,63,500
Brett Simpson,64,500
Brett Simpson,65,4000
Brett Simpson,66,500
Travis Logie,56,1750
Travis Logie,57,500
Travis Logie,58,500
Travis Logie,59,4000
Travis Logie,60,500
Travis Logie,61,500
Travis Logie,62,500
Travis Logie,63,500
Travis Logie,64,1750
Travis Logie,65,500
Travis Logie,66,500
Jeremy Flores,56,1750
Jeremy Flores,57,500
Jeremy Flores,58,500
Jeremy Flores,59,500
Jeremy Flores,60,1750
Jeremy Flores,61,500
Jeremy Flores,62,0
Jeremy Flores,63,500
Jeremy Flores,64,1750
Jeremy Flores,65,500
Jeremy Flores,66,1750
Glenn Hall,56,0
Glenn Hall,57,0
Glenn Hall,58,1750
Glenn Hall,59,500
Glenn Hall,60,1750
Glenn Hall,61,500
Glenn Hall,62,500
Glenn Hall,63,0
Glenn Hall,64,0
Glenn Hall,65,0
Glenn Hall,66,500
Raoni Monteiro,56,500
Raoni Monteiro,57,500
Raoni Monteiro,58,500
Raoni Monteiro,59,500
Raoni Monteiro,60,500
Raoni Monteiro,61,500
Raoni Monteiro,62,500
Raoni Monteiro,63,500
Raoni Monteiro,64,500
Raoni Monteiro,65,500
Raoni Monteiro,66,500
Mitch Coleborn,56,0
Mitch Coleborn,57,500
Mitch Coleborn,58,0
Mitch Coleborn,59,0
Mitch Coleborn,60,1750
Mitch Coleborn,61,0
Mitch Coleborn,62,500
Mitch Coleborn,63,0
Mitch Coleborn,64,0
Mitch Coleborn,65,0
Mitch Coleborn,66,500